policy,avg_reward_per_step
learned_ts,9.927126732499994
always_high,9.789236579999528
always_medium,9.659564000000255
random,9.650530762499745
always_low,9.523271097499624
